{"format": "layers-model", "generatedBy": "keras v2.12.0", "convertedBy": "TensorFlow.js Converter v4.6.0", "modelTopology": {"keras_version": "2.12.0", "backend": "tensorflow", "model_config": {"class_name": "Sequential", "config": {"name": "sequential_14", "layers": [{"class_name": "InputLayer", "config": {"batch_input_shape": [null, 180, 180, 3], "dtype": "float32", "sparse": false, "ragged": false, "name": "sequential_13_input"}}, {"class_name": "Sequential", "config": {"name": "sequential_13", "layers": [{"class_name": "InputLayer", "config": {"batch_input_shape": [null, 180, 180, 3], "dtype": "float32", "sparse": false, "ragged": false, "name": "random_flip_4_input"}}, {"class_name": "RandomFlip", "config": {"name": "random_flip_4", "trainable": true, "dtype": "float32", "batch_input_shape": [null, 180, 180, 3], "mode": "horizontal", "seed": null}}, {"class_name": "RandomRotation", "config": {"name": "random_rotation_4", "trainable": true, "dtype": "float32", "factor": 0.1, "fill_mode": "reflect", "fill_value": 0.0, "interpolation": "bilinear", "seed": null}}]}}, {"class_name": "Rescaling", "config": {"name": "rescaling_9", "trainable": true, "dtype": "float32", "batch_input_shape": [null, 180, 180, 3], "scale": 0.00392156862745098, "offset": 0.0}}, {"class_name": "Conv2D", "config": {"name": "conv2d_27", "trainable": true, "dtype": "float32", "filters": 16, "kernel_size": [3, 3], "strides": [1, 1], "padding": "same", "data_format": "channels_last", "dilation_rate": [1, 1], "groups": 1, "activation": "relu", "use_bias": true, "kernel_initializer": {"class_name": "GlorotUniform", "config": {"seed": null}}, "bias_initializer": {"class_name": "Zeros", "config": {}}, "kernel_regularizer": null, "bias_regularizer": null, "activity_regularizer": null, "kernel_constraint": null, "bias_constraint": null}}, {"class_name": "MaxPooling2D", "config": {"name": "max_pooling2d_27", "trainable": true, "dtype": "float32", "pool_size": [2, 2], "padding": "valid", "strides": [2, 2], "data_format": "channels_last"}}, {"class_name": "Conv2D", "config": {"name": "conv2d_28", "trainable": true, "dtype": "float32", "filters": 32, "kernel_size": [3, 3], "strides": [1, 1], "padding": "same", "data_format": "channels_last", "dilation_rate": [1, 1], "groups": 1, "activation": "relu", "use_bias": true, "kernel_initializer": {"class_name": "GlorotUniform", "config": {"seed": null}}, "bias_initializer": {"class_name": "Zeros", "config": {}}, "kernel_regularizer": null, "bias_regularizer": null, "activity_regularizer": null, "kernel_constraint": null, "bias_constraint": null}}, {"class_name": "MaxPooling2D", "config": {"name": "max_pooling2d_28", "trainable": true, "dtype": "float32", "pool_size": [2, 2], "padding": "valid", "strides": [2, 2], "data_format": "channels_last"}}, {"class_name": "Conv2D", "config": {"name": "conv2d_29", "trainable": true, "dtype": "float32", "filters": 64, "kernel_size": [3, 3], "strides": [1, 1], "padding": "same", "data_format": "channels_last", "dilation_rate": [1, 1], "groups": 1, "activation": "relu", "use_bias": true, "kernel_initializer": {"class_name": "GlorotUniform", "config": {"seed": null}}, "bias_initializer": {"class_name": "Zeros", "config": {}}, "kernel_regularizer": null, "bias_regularizer": null, "activity_regularizer": null, "kernel_constraint": null, "bias_constraint": null}}, {"class_name": "MaxPooling2D", "config": {"name": "max_pooling2d_29", "trainable": true, "dtype": "float32", "pool_size": [2, 2], "padding": "valid", "strides": [2, 2], "data_format": "channels_last"}}, {"class_name": "Dropout", "config": {"name": "dropout_4", "trainable": true, "dtype": "float32", "rate": 0.1, "noise_shape": null, "seed": null}}, {"class_name": "Flatten", "config": {"name": "flatten_9", "trainable": true, "dtype": "float32", "data_format": "channels_last"}}, {"class_name": "Dense", "config": {"name": "dense_18", "trainable": true, "dtype": "float32", "units": 128, "activation": "relu", "use_bias": true, "kernel_initializer": {"class_name": "GlorotUniform", "config": {"seed": null}}, "bias_initializer": {"class_name": "Zeros", "config": {}}, "kernel_regularizer": null, "bias_regularizer": null, "activity_regularizer": null, "kernel_constraint": null, "bias_constraint": null}}, {"class_name": "Dense", "config": {"name": "dense_19", "trainable": true, "dtype": "float32", "units": 20, "activation": "linear", "use_bias": true, "kernel_initializer": {"class_name": "GlorotUniform", "config": {"seed": null}}, "bias_initializer": {"class_name": "Zeros", "config": {}}, "kernel_regularizer": null, "bias_regularizer": null, "activity_regularizer": null, "kernel_constraint": null, "bias_constraint": null}}]}}, "training_config": {"loss": {"class_name": "SparseCategoricalCrossentropy", "config": {"reduction": "auto", "name": "sparse_categorical_crossentropy", "from_logits": true, "ignore_class": null}}, "metrics": [[{"class_name": "MeanMetricWrapper", "config": {"name": "accuracy", "dtype": "float32", "fn": "sparse_categorical_accuracy"}}]], "weighted_metrics": null, "loss_weights": null, "optimizer_config": {"class_name": "Custom>Adam", "config": {"name": "Adam", "weight_decay": null, "clipnorm": null, "global_clipnorm": null, "clipvalue": null, "use_ema": false, "ema_momentum": 0.99, "ema_overwrite_frequency": null, "jit_compile": false, "is_legacy_optimizer": false, "learning_rate": 0.0010000000474974513, "beta_1": 0.9, "beta_2": 0.999, "epsilon": 1e-07, "amsgrad": false}}}}, "weightsManifest": [{"paths": ["group1-shard1of4.bin", "group1-shard2of4.bin", "group1-shard3of4.bin", "group1-shard4of4.bin"], "weights": [{"name": "conv2d_27/kernel", "shape": [3, 3, 3, 16], "dtype": "float32"}, {"name": "conv2d_27/bias", "shape": [16], "dtype": "float32"}, {"name": "conv2d_28/kernel", "shape": [3, 3, 16, 32], "dtype": "float32"}, {"name": "conv2d_28/bias", "shape": [32], "dtype": "float32"}, {"name": "conv2d_29/kernel", "shape": [3, 3, 32, 64], "dtype": "float32"}, {"name": "conv2d_29/bias", "shape": [64], "dtype": "float32"}, {"name": "dense_18/kernel", "shape": [30976, 128], "dtype": "float32"}, {"name": "dense_18/bias", "shape": [128], "dtype": "float32"}, {"name": "dense_19/kernel", "shape": [128, 20], "dtype": "float32"}, {"name": "dense_19/bias", "shape": [20], "dtype": "float32"}]}]}